Caps;Tickers;30dAvVolume;Price
1600000.0;BULL;72574.0;0.007685
1580000.0;DREAMS;44373.0;0.002492
1557688.0;PLY;30035.0;0.001053
1554383.0;TRADE;168881.0;0.124519
1500000.0;FLY;687871.0;0.00292
1500000.0;LAVAX;194917.0;0.07614
1500000.0;COOHA;69117.0;0.2299
1479888.0;EQZ;192704.0;0.04037
1476439.0;NFTB;13497.0;0.01359
1445129.0;UNB;20836.0;0.001241
1434357.0;NORD;53606.0;0.2022
1428534.0;SKU;146457.0;0.02464
1414641.0;WOMBAT;17148.0;0.003373
1411718.0;LAYER;44109.0;0.05311
1406893.0;CWS;66008.0;0.404
1400000.0;ERTHA;87238.0;0.004
1325807.0;TRIAS;275956.0;0.80515
1302763.0;CBC;54244.0;0.00835
1277000.0;WELL;32534.0;0.0067
1271679.0;DPET;31815.0;0.0773
1258929.0;MAN;31515.0;0.005787
1250000.0;FLAME;509240.0;0.03285
1248347.0;ACE;2311534.0;0.010054
1244525.0;EFX;116397.0;0.004823
1231168.0;ODDZ;233375.0;0.01861
1200000.0;MEM;23993.0;0.02588
1200000.0;DAPPT;179338.0;0.000813
1161588.0;OLE;204529.0;0.01731
1136136.0;TXA;46898.0;0.4607
1129437.0;HOTCROSS;289230.0;0.00956
1121511.0;OPCT;51044.0;0.01177
1121243.0;FCON;135342.0;0.000403
1100000.0;ETHO;17351.0;0.01872
1100000.0;DMTR;333575.0;0.00797
1100000.0;KOL;82605.0;0.002964
1071768.0;LBP;244738.0;0.001625
1070000.0;LPOOL;110638.0;0.1245
1054217.0;PUMLX;239810.0;0.0383
1020656.0;EPK;71801.0;0.00691
1000000.0;MELOS;164379.0;0.01542
962806.0;FEAR;177406.0;0.14392
940147.0;IOI;127488.0;0.1087
922878.0;TCP;243267.0;0.00751
909375.0;GMB;19154.0;0.0001771
847913.0;STRONG;48991.0;6.051
830000.0;CLH;23615.0;0.002797
827457.0;YOP;24597.0;0.0408
818869.0;HAWK;17629.0;0.00388
816525.0;XTAG;62384.0;0.0391
811457.0;CTI;103371.0;0.006311
801000.0;TAUM;65627.0;0.00081
801000.0;SON;62233.0;0.00034
801000.0;UPO;131088.0;0.00746
800001.0;PLGR;211377.0;0.000576
800001.0;PEL;134311.0;0.01091
800000.0;EGAME;163255.0;0.0001239
0.0;LMR;24069.0;0.00953
0.0;HEART;109731.0;0.00472
0.0;RACEFI;357358.0;0.0179
0.0;INDI;2362.0;0.1193
0.0;KARA;241693.0;0.0065
0.0;PLATO;101676.0;0.000399
0.0;MPLX;250281.0;0.0886
0.0;MXW;51936.0;0.003591
0.0;NDAU;146633.0;15.076
0.0;ACQ;220884.0;0.0413
0.0;POL;301580.0;0.02753
0.0;FORESTPLUS;314672.0;0.0050639
0.0;CIX100;185936.0;0.0365
0.0;AI;350902.0;0.00089
0.0;ARNM;96211.0;0.0412
0.0;COMB;312012.0;0.001257
0.0;CMP;275607.0;0.1328
0.0;CHMB;247042.0;0.000338
0.0;FTG;61331.0;0.00694
0.0;RBP;165726.0;0.0092
0.0;mars-04;49125.0;0.00111
0.0;ROAR;126617.0;0.00995
0.0;SURV;181695.0;0.000471
0.0;TRIBL;154645.0;1.9641
0.0;SYNR;108311.0;0.01278
0.0;GENS;21244.0;0.002527
